<?xml version="1.0" encoding="UTF-8"?>
<project-private xmlns="http://www.netbeans.org/ns/project-private/1">
    <editor-bookmarks xmlns="http://www.netbeans.org/ns/editor-bookmarks/2" lastBookmarkId="0"/>
    <open-files xmlns="http://www.netbeans.org/ns/projectui-open-files/2">
        <group>
            <file>file:/C:/Users/t1092408/Documents/NetBeansProjects/ProjetoCRUD/src/java/conexao/Conexao.java</file>
            <file>file:/C:/Users/t1092408/Documents/NetBeansProjects/ProjetoCRUD/src/java/DAO/ClienteDAO.java</file>
            <file>file:/C:/Users/t1092408/Documents/NetBeansProjects/ProjetoCRUD/src/java/controller/ClienteServlet.java</file>
            <file>file:/C:/Users/t1092408/Documents/NetBeansProjects/ProjetoCRUD/src/java/model/Cliente.java</file>
            <file>file:/C:/Users/t1092408/Documents/NetBeansProjects/ProjetoCRUD/web/index.html</file>
        </group>
    </open-files>
</project-private>
